time,side,price,qty
07:17.9,BUY,82619.55,0.00007
07:17.9,BUY,82619.56,0.00007
07:17.9,BUY,82619.56,0.00007
07:17.9,BUY,82619.56,0.00008
07:17.9,BUY,82619.56,0.00007
07:17.9,BUY,82619.56,0.00007
07:17.9,BUY,82619.56,0.00017
07:17.9,BUY,82619.56,0.00017
07:17.9,BUY,82619.56,0.00017
07:17.9,BUY,82619.56,0.00007
07:18.8,SELL,82619.56,0.00012
07:18.8,BUY,82619.57,0.0002
07:19.2,SELL,82619.56,0.0013
07:19.3,BUY,82619.57,0.0012
07:19.3,SELL,82619.56,0.00012
07:19.7,SELL,82619.56,0.00042
07:19.8,BUY,82619.57,0.0002
07:20.1,SELL,82619.56,0.00007
07:20.8,BUY,82619.57,0.06074
07:20.8,BUY,82619.57,0.00748
07:20.8,BUY,82619.57,0.00623
07:20.8,BUY,82619.57,0.02494
07:20.8,BUY,82619.57,0.12381
07:20.8,BUY,82619.57,0.00007
07:20.8,BUY,82619.57,0.00007
07:20.8,BUY,82619.57,0.0001
07:20.8,BUY,82619.57,0.0001
07:20.8,BUY,82619.57,0.00007
07:20.8,BUY,82619.57,0.00007
07:20.8,BUY,82619.57,0.0001
07:20.8,BUY,82619.57,0.00013
07:20.8,BUY,82619.57,0.00007
07:20.8,BUY,82619.57,0.00007
07:20.8,BUY,82619.57,0.00007
07:20.8,BUY,82619.57,0.00352
07:20.8,BUY,82619.57,0.00007
07:20.8,BUY,82619.58,0.00013
07:20.8,BUY,82619.58,0.00014
07:20.8,BUY,82619.58,0.00013
07:20.8,BUY,82619.58,0.00007
07:20.8,BUY,82619.58,0.00007
07:20.8,BUY,82619.6,0.00007
07:20.8,BUY,82619.6,0.00007
07:20.8,BUY,82619.72,0.00007
07:20.8,BUY,82619.72,0.00007
07:20.8,BUY,82619.92,0.00007
07:20.8,BUY,82619.92,0.00007
07:20.8,BUY,82619.92,0.00007
07:20.8,BUY,82619.92,0.00007
07:20.8,BUY,82619.92,0.00007
07:20.8,BUY,82619.93,0.01298
07:20.8,BUY,82619.93,0.00007
07:20.8,BUY,82619.93,0.00007
07:20.8,BUY,82619.93,0.00007
07:20.8,BUY,82619.99,0.00007
07:20.8,BUY,82619.99,0.00007
07:20.8,BUY,82619.99,0.00007
07:20.8,BUY,82619.99,0.00007
07:20.8,BUY,82620,0.00012
07:20.8,BUY,82620,0.02421
07:20.8,BUY,82620,0.00025
07:20.8,BUY,82620,0.00007
07:20.8,BUY,82621,0.00007
07:20.8,BUY,82621,0.00007
07:20.8,BUY,82621.06,0.00007
07:20.8,BUY,82621.11,0.00007
07:20.8,BUY,82621.11,0.00007
07:20.8,BUY,82621.11,0.00018
07:20.8,BUY,82621.11,0.00007
07:20.8,BUY,82621.12,0.00007
07:20.8,BUY,82621.12,0.00007
07:20.8,BUY,82621.19,0.02885
07:20.8,BUY,82621.19,0.00008
07:20.8,BUY,82621.19,0.00008
07:20.8,BUY,82621.19,0.00008
07:20.8,BUY,82621.19,0.00007
07:20.8,BUY,82621.19,0.00007
07:20.8,BUY,82621.73,0.00007
07:20.8,BUY,82621.75,0.00328
07:20.8,BUY,82622.48,0.00013
07:20.8,BUY,82622.73,0.0001
07:20.8,BUY,82623.18,0.00077
07:20.8,BUY,82623.18,0.001
07:20.8,BUY,82623.18,0.00055
07:20.8,BUY,82623.34,0.00045
07:20.8,BUY,82623.34,0.005
07:20.8,BUY,82623.34,0.02189
07:20.8,BUY,82624.02,0.00621
07:20.8,BUY,82624.15,0.00014
07:20.8,BUY,82624.5,0.01176
07:20.8,BUY,82624.5,0.01
07:20.8,BUY,82625.58,0.00008
07:20.8,BUY,82625.79,0.00008
07:20.8,BUY,82627.6,0.00621
07:20.8,BUY,82627.82,0.00007
07:20.8,BUY,82627.82,0.00007
07:20.8,BUY,82627.82,0.00007
07:20.8,BUY,82627.83,0.00007
07:20.8,BUY,82627.84,0.07335
07:20.8,BUY,82627.84,0.005
07:20.8,BUY,82627.84,0.01
07:20.8,BUY,82627.84,0.16
07:20.8,BUY,82627.84,0.001
07:20.8,BUY,82628,0.0484
07:20.8,BUY,82628.02,0.00013
07:20.8,BUY,82628.38,0.00007
07:20.8,BUY,82628.56,0.09661
07:20.8,BUY,82629.31,0.001
07:20.8,BUY,82629.65,0.00973
07:20.8,BUY,82629.87,0.0076
07:20.8,BUY,82630,0.00012
07:20.8,BUY,82630.72,0.00007
07:20.8,BUY,82631.08,0.00395
07:20.8,BUY,82631.61,0.0121
07:20.8,BUY,82631.64,0.01769
07:20.8,BUY,82631.81,0.00621
07:20.8,BUY,82632,0.0001
07:20.8,BUY,82632.08,0.092
07:20.8,BUY,82632.09,0.2279
07:20.8,BUY,82632.09,0.02
07:20.8,BUY,82632.09,0.00007
07:20.8,BUY,82632.09,0.00007
07:20.8,BUY,82632.09,0.00007
07:20.8,BUY,82632.09,0.00007
07:20.8,BUY,82632.09,0.00007
07:20.8,BUY,82632.09,0.00007
07:20.8,BUY,82632.09,0.0001
07:20.8,BUY,82632.09,0.00007
07:20.8,BUY,82632.09,0.00007
07:20.8,BUY,82632.09,0.00007
07:20.8,BUY,82632.22,0.00012
07:20.8,BUY,82632.22,0.00012
07:20.8,BUY,82632.22,0.00007
07:20.8,BUY,82632.3,0.00008
07:20.8,BUY,82632.3,0.00007
07:20.8,BUY,82632.3,0.00007
07:20.8,BUY,82632.39,0.00007
07:20.8,BUY,82632.39,0.00007
07:20.8,BUY,82632.39,0.00007
07:20.8,BUY,82632.4,0.0108
07:20.8,BUY,82632.4,0.00038
07:20.8,BUY,82632.4,0.00007
07:20.8,BUY,82632.4,0.00007
07:20.8,BUY,82632.76,0.00007
07:20.8,BUY,82632.76,0.00007
07:20.8,BUY,82632.76,0.00007
07:20.8,BUY,82632.77,0.02955
07:20.8,BUY,82632.77,0.00024
07:20.8,BUY,82632.77,0.00012
07:20.8,BUY,82632.77,0.01009
07:20.8,BUY,82632.77,0.00007
07:20.8,BUY,82632.77,0.00007
07:20.8,BUY,82632.77,0.0001
07:20.8,BUY,82632.77,0.00007
07:20.8,BUY,82632.77,0.0001
07:20.8,BUY,82632.77,0.00007
07:20.8,BUY,82632.77,0.00007
07:20.8,BUY,82632.77,0.00007
07:20.8,BUY,82632.77,0.00007
07:20.8,BUY,82632.77,0.0005
07:20.8,BUY,82632.77,0.0001
07:20.8,BUY,82632.77,0.00007
07:20.8,BUY,82632.77,0.00007
07:20.8,BUY,82632.77,0.00007
07:20.8,BUY,82632.77,0.00007
07:20.8,BUY,82632.77,0.00007
07:20.8,BUY,82632.77,0.00007
07:20.8,BUY,82632.77,0.00007
07:20.8,BUY,82632.77,0.00007
07:20.8,BUY,82632.85,0.00007
07:20.8,BUY,82632.85,0.00007
07:20.8,BUY,82632.85,0.00007
07:20.8,BUY,82632.86,0.00007
07:20.8,BUY,82632.86,0.00007
07:20.8,BUY,82632.86,0.00007
07:20.8,BUY,82632.86,0.00007
07:20.8,BUY,82632.96,0.00017
07:20.8,BUY,82632.96,0.00007
07:20.8,BUY,82632.96,0.00007
07:20.8,BUY,82632.96,0.00017
07:20.8,BUY,82632.97,0.00007
07:20.8,BUY,82632.97,0.00007
07:20.8,BUY,82632.97,0.00005
07:20.9,BUY,82632.97,0.00002
07:20.9,BUY,82632.97,0.00007
07:20.9,BUY,82632.97,0.00011
07:20.9,BUY,82632.97,0.008
07:21.0,SELL,82632.96,0.00018
07:21.0,BUY,82632.97,0.00007
07:21.0,BUY,82632.97,0.00007
07:21.0,BUY,82632.97,0.00007
07:21.0,BUY,82632.97,0.00007
07:21.0,BUY,82632.97,0.00007
07:21.0,BUY,82632.97,0.00007
07:21.0,BUY,82632.97,0.00007
07:21.0,BUY,82632.97,0.00531
07:21.0,BUY,82632.97,0.00792
07:21.0,BUY,82632.97,0.00039
07:21.0,BUY,82632.97,0.006
07:21.0,BUY,82632.97,0.01835
07:21.3,BUY,82632.97,0.00014
07:21.3,BUY,82632.97,0.0001
07:21.3,BUY,82632.97,0.00007
07:21.3,BUY,82632.97,0.00007
07:21.3,BUY,82632.97,0.00007
07:21.3,BUY,82632.97,0.00007
07:21.3,BUY,82632.97,0.00007
07:21.3,BUY,82632.97,0.00007
07:21.3,BUY,82632.97,0.0001
07:21.3,BUY,82632.97,0.0001
07:21.3,BUY,82632.97,0.0001
07:21.3,BUY,82632.97,0.00007
07:21.3,BUY,82632.97,0.0001
07:21.3,BUY,82632.97,0.00103
07:21.3,BUY,82632.97,0.00007
07:21.3,BUY,82632.98,0.00069
07:21.3,BUY,82632.98,0.00007
07:21.3,BUY,82632.98,0.00007
07:21.3,BUY,82632.98,0.00014
07:21.3,BUY,82632.98,0.00013
07:21.3,BUY,82632.98,0.00007
07:21.3,BUY,82632.98,0.00007
07:21.3,BUY,82633.06,0.00007
07:21.3,BUY,82633.06,0.00007
07:21.3,BUY,82633.08,0.00007
07:21.3,BUY,82633.08,0.00007
07:21.3,BUY,82633.27,0.00007
07:21.3,BUY,82633.27,0.00007
07:21.3,BUY,82633.28,0.00007
07:21.3,BUY,82633.39,0.00007
07:21.3,BUY,82633.39,0.00007
07:21.3,BUY,82633.59,0.00107
07:21.3,BUY,82633.59,0.00007
07:21.3,BUY,82633.64,0.00063
07:21.3,BUY,82633.64,0.00063
07:21.3,BUY,82633.64,0.00055
07:21.3,BUY,82633.64,0.00008
07:21.3,BUY,82633.86,0.00007
07:21.3,BUY,82633.86,0.00007
07:21.3,BUY,82633.86,0.00007
07:21.3,BUY,82633.87,0.00463
07:21.4,BUY,82633.87,0.00007
07:21.4,BUY,82633.87,0.00007
07:21.4,BUY,82633.87,0.0001
07:21.4,BUY,82633.87,0.0001
07:21.4,BUY,82633.87,0.00007
07:21.4,BUY,82633.87,0.00007
07:21.4,BUY,82633.87,0.00007
07:21.4,BUY,82633.87,0.00007
07:21.4,BUY,82633.87,0.0001
07:21.4,BUY,82633.87,0.00007
07:21.4,BUY,82633.87,0.00007
07:21.4,BUY,82634.2,0.00007
07:21.4,BUY,82634.2,0.00007
07:21.4,BUY,82634.2,0.00007
07:21.4,BUY,82634.2,0.00007
07:21.4,BUY,82635.29,0.00014
07:21.4,BUY,82635.29,0.00007
07:21.4,BUY,82635.29,0.00007
07:21.4,BUY,82635.3,0.00007
07:21.4,BUY,82635.3,0.00007
07:21.8,BUY,82635.31,0.00007
07:21.8,BUY,82635.31,0.00007
07:21.8,BUY,82635.31,0.0001
07:21.8,BUY,82635.31,0.0001
07:21.8,BUY,82635.31,0.00007
07:21.8,BUY,82635.31,0.00007
07:21.8,BUY,82635.31,0.00007
07:21.8,BUY,82635.31,0.00007
07:21.8,BUY,82635.31,0.00012
07:21.8,BUY,82635.31,0.00012
07:21.8,BUY,82635.31,0.00008
07:21.8,BUY,82635.31,0.00008
07:21.8,BUY,82635.31,0.00008
07:21.8,BUY,82635.31,0.00007
07:21.8,BUY,82635.31,0.0001
07:21.8,BUY,82635.31,0.0005
07:21.8,BUY,82635.31,0.00014
07:21.8,BUY,82635.31,0.00208
07:21.8,BUY,82635.31,0.0002
07:21.9,SELL,82635.3,0.00078
07:22.4,SELL,82635.3,0.0006
07:22.6,SELL,82635.3,0.00012
07:23.1,BUY,82635.31,0.00006
07:23.1,BUY,82635.31,0.00212
07:23.4,SELL,82635.3,0.0061
07:23.6,BUY,82635.31,0.00059
07:25.1,BUY,82635.31,0.00027
07:25.2,BUY,82635.31,0.00012
07:25.8,SELL,82635.3,0.00012
07:26.7,BUY,82635.31,0.03183
07:26.9,SELL,82635.3,0.00073
07:27.1,SELL,82635.3,0.00012
07:27.2,SELL,82635.3,0.00024
07:27.7,SELL,82635.3,0.0001
07:27.7,SELL,82635.3,0.00007
07:27.7,SELL,82635.3,0.00003
07:28.1,SELL,82635.3,0.00004
07:28.1,SELL,82635.3,0.00007
07:28.1,SELL,82635.3,0.00007
07:28.1,SELL,82635.3,0.0005
07:28.1,SELL,82635.3,0.0016
07:28.3,SELL,82635.3,0.00123
07:28.7,SELL,82635.3,0.00068
07:29.2,SELL,82635.3,0.00038
07:29.4,SELL,82635.3,0.00359
07:29.4,SELL,82635.3,0.00032
07:29.7,SELL,82635.3,0.0002
07:29.8,SELL,82635.3,0.00022
07:30.1,SELL,82635.3,0.00025
07:30.9,SELL,82635.3,0.01875
07:31.1,SELL,82635.3,0.00071
07:31.5,SELL,82635.3,0.0008
07:31.7,SELL,82635.3,0.00056
07:31.8,SELL,82635.3,0.00081
07:32.9,SELL,82635.3,0.00363
07:33.0,BUY,82635.31,0.00031
07:34.0,SELL,82635.3,0.00505
07:34.0,SELL,82635.3,0.00013
07:34.0,SELL,82635.3,0.00007
07:34.0,SELL,82635.3,0.00007
07:34.0,SELL,82635.3,0.00038
07:34.0,SELL,82635.3,0.00007
07:34.0,SELL,82635.3,0.00007
07:34.0,SELL,82635.3,0.00007
07:34.0,SELL,82635.3,0.00007
07:34.0,SELL,82635.3,0.00007
07:34.0,SELL,82635.3,0.00296
07:34.0,SELL,82635.3,0.00223
07:34.0,SELL,82635.3,0.01311
07:34.0,SELL,82635.3,0.17914
07:34.0,SELL,82635.3,0.00368
07:34.0,SELL,82635.3,0.0001
07:34.0,SELL,82635.3,0.0001
07:34.0,SELL,82635.3,0.0001
07:34.0,SELL,82635.3,0.00007
07:34.0,SELL,82635.29,0.00014
07:34.0,SELL,82635.29,0.00007
07:34.0,SELL,82635.29,0.00007
07:34.0,SELL,82635.29,0.00014
07:34.0,SELL,82635.29,0.00014
07:34.0,SELL,82635.28,0.00299
07:34.0,SELL,82635.28,0.00007
07:34.0,SELL,82635.28,0.00007
07:34.0,SELL,82635.27,0.00178
07:34.0,SELL,82635.27,0.00007
07:34.0,SELL,82635.27,0.00007
07:34.0,SELL,82635.25,0.00007
07:34.0,SELL,82635.25,0.00007
07:34.0,SELL,82635.04,0.00007
07:34.0,SELL,82634.51,0.00007
07:34.0,SELL,82634.36,0.00007
07:34.0,SELL,82633.5,0.00008
07:34.0,SELL,82633.5,0.00007
07:34.0,SELL,82633.5,0.00007
07:34.0,SELL,82632.96,0.001
07:34.0,SELL,82632.59,0.00007
07:34.0,SELL,82632.59,0.00007
07:34.0,SELL,82632.09,0.00007
07:34.0,SELL,82632.09,0.00007
07:34.0,SELL,82632.08,0.0176
07:34.0,SELL,82632.08,0.00041
07:34.0,SELL,82632.08,0.11804
07:34.0,SELL,82632.08,0.00007
07:34.0,SELL,82632.08,0.00007
07:34.0,SELL,82632.08,0.00007
07:34.0,SELL,82632.08,0.00007
07:34.0,SELL,82632.08,0.0001
07:34.0,SELL,82632.08,0.00007
07:34.0,SELL,82632.08,0.00007
07:34.0,SELL,82632.08,0.00007
07:34.0,SELL,82632.08,0.00007
07:34.0,SELL,82632.07,0.00015
07:34.0,SELL,82631.73,0.00007
07:34.0,SELL,82631.73,0.00007
07:34.0,SELL,82631.73,0.00007
07:34.0,SELL,82631.73,0.00007
07:34.0,SELL,82631.51,0.00007
07:34.0,SELL,82631.51,0.00007
07:34.0,SELL,82631.51,0.00007
07:34.0,SELL,82631.51,0.00007
07:34.0,SELL,82631.51,0.00018
07:34.0,SELL,82631.51,0.00018
07:34.0,SELL,82631.51,0.00018
07:34.0,SELL,82631.5,0.00007
07:34.0,SELL,82631.5,0.00007
07:34.0,SELL,82631.5,0.0001
07:34.0,SELL,82631.01,0.00007
07:34.0,SELL,82631.01,0.00007
07:34.0,SELL,82630.77,0.00007
07:34.0,SELL,82630.77,0.00007
07:34.0,SELL,82630.76,0.00758
07:34.0,SELL,82630.76,0.00007
07:34.0,SELL,82630.76,0.00007
07:34.0,SELL,82630.76,0.00007
07:34.0,SELL,82630.76,0.00007
07:34.0,SELL,82630.76,0.00007
07:34.0,SELL,82630.76,0.00007
07:34.0,SELL,82630.76,0.0001
07:34.0,SELL,82630.75,0.00007
07:34.0,SELL,82630.75,0.00007
07:34.0,SELL,82630.75,0.00007
07:34.0,SELL,82630.74,0.00007
07:34.0,SELL,82630.74,0.00007
07:34.0,SELL,82630.74,0.00007
07:34.0,SELL,82630.74,0.00007
07:34.0,SELL,82630.74,0.00007
07:34.0,SELL,82630.73,0.00759
07:34.0,SELL,82630.73,0.00007
07:34.0,SELL,82630.73,0.00007
07:34.0,SELL,82630.65,0.00007
07:34.0,SELL,82630.65,0.00007
07:34.0,SELL,82630,0.00012
07:34.0,SELL,82630,0.00007
07:34.0,SELL,82630,0.00007
07:34.0,SELL,82630,0.00007
07:34.0,SELL,82630,0.00007
07:34.0,SELL,82630,0.00007
07:34.0,SELL,82629.29,0.00008
07:34.0,SELL,82629.29,0.00007
07:34.0,SELL,82629.15,0.00007
07:34.0,SELL,82628.03,0.00007
07:34.0,SELL,82628.03,0.00007
07:34.0,SELL,82628.03,0.00007
07:34.0,SELL,82628.03,0.00007
07:34.0,SELL,82627.03,0.003
07:34.0,SELL,82627.03,0.00007
07:34.0,SELL,82626.49,0.00007
07:34.0,SELL,82626.48,0.00007
07:34.0,SELL,82626.48,0.00007
07:34.0,SELL,82625.17,0.01378
07:34.0,SELL,82625.17,0.00007
07:34.0,SELL,82625.17,0.00007
07:34.0,SELL,82625.17,0.00007
07:34.0,SELL,82625.17,0.00007
07:34.0,SELL,82624.97,0.00013
07:34.0,SELL,82624.97,0.00007
07:34.0,SELL,82624.29,0.0009
07:34.0,SELL,82624.29,0.00007
07:34.1,SELL,82624.08,0.00007
07:34.1,SELL,82624.08,0.00007
07:34.1,SELL,82624.08,0.09986
07:34.2,SELL,82624.08,0.00007
07:34.2,SELL,82624.08,0.0001
07:34.2,SELL,82624.08,0.0001
07:34.2,SELL,82624.08,0.00007
07:34.2,SELL,82624.08,0.00007
07:34.2,SELL,82624.08,0.00007
07:34.2,SELL,82624.08,0.0005
07:34.2,SELL,82624.08,0.00007
07:34.2,SELL,82624.08,0.00007
07:34.2,SELL,82624.08,0.00007
07:34.2,SELL,82624.08,0.00007
07:34.2,SELL,82624.08,0.00013
07:34.2,SELL,82624.08,0.0001
07:34.2,SELL,82624.08,0.0001
07:34.2,SELL,82624.08,0.00007
07:34.2,SELL,82624.07,0.00033
07:34.2,SELL,82624.07,0.00014
07:34.2,SELL,82624.07,0.00014
07:34.2,SELL,82624.07,0.00013
07:34.2,SELL,82624.07,0.00007
07:34.2,SELL,82624.07,0.00007
07:34.2,SELL,82623.8,0.00008
07:34.2,SELL,82623.8,0.00007
07:34.2,SELL,82623.8,0.00007
07:34.2,SELL,82623.45,0.00007
07:34.2,SELL,82623.45,0.00007
07:34.2,SELL,82623.45,0.00007
07:34.2,SELL,82623.38,0.00041
07:34.2,SELL,82623.38,0.00041
07:34.2,SELL,82623.38,0.00041
07:34.2,SELL,82623.38,0.00007
07:34.2,SELL,82623.38,0.00007
07:34.2,SELL,82623.37,0.00007
07:34.2,SELL,82623.06,0.00007
07:34.2,SELL,82623.05,0.00007
07:34.2,SELL,82622.62,0.00007
07:34.2,SELL,82620.36,0.02157
07:34.2,SELL,82620.18,0.00007
07:34.2,SELL,82620.18,0.00007
07:34.2,SELL,82620.18,0.0001
07:34.2,SELL,82620.18,0.0001
07:34.2,SELL,82620.18,0.00007
07:34.2,SELL,82620.17,0.02338
07:34.2,SELL,82620.17,0.00007
07:34.2,SELL,82620.17,0.00007
07:34.2,SELL,82620,0.00012
07:34.2,SELL,82619.67,0.00007
07:34.2,SELL,82619.67,0.00007
07:34.2,SELL,82619.67,0.00013
07:34.2,SELL,82619.67,0.00013
07:34.2,SELL,82619.67,0.00007
07:34.5,BUY,82619.67,0.00202
07:34.5,BUY,82619.67,0.00025
07:34.6,SELL,82619.66,0.00044
07:34.6,SELL,82619.66,0.00478
07:34.8,SELL,82619.66,0.00018
07:35.2,BUY,82619.67,0.00036
07:35.2,BUY,82619.67,0.00121
07:35.3,SELL,82619.66,0.009
07:35.7,BUY,82619.67,0.02416
07:36.1,SELL,82619.66,0.00012
07:37.1,BUY,82619.67,0.00009
07:37.5,BUY,82619.67,0.00007
07:38.2,BUY,82619.67,0.00011
07:39.3,SELL,82619.66,0.00012
07:39.3,BUY,82619.67,0.00603
07:39.3,BUY,82619.67,0.00027
07:39.6,BUY,82619.67,0.05607
07:39.6,BUY,82619.67,0.04043
07:39.6,BUY,82619.67,0.04525
07:39.6,BUY,82619.67,0.08986
07:39.6,BUY,82619.67,0.23662
07:39.6,BUY,82619.67,0.00007
07:39.6,BUY,82619.67,0.00007
07:39.6,BUY,82619.67,0.00007
07:39.6,BUY,82619.67,0.00014
07:39.6,BUY,82619.67,0.00007
07:39.6,BUY,82619.67,0.1185
07:39.6,BUY,82619.67,0.04026
07:39.6,BUY,82619.67,0.00007
07:39.6,BUY,82619.67,0.00007
07:39.6,BUY,82619.67,0.0005
07:39.6,BUY,82619.67,0.00007
07:39.6,BUY,82619.67,0.01671
07:39.6,BUY,82619.67,0.00007
07:39.6,BUY,82619.67,0.00025
07:39.6,BUY,82619.67,0.0001
07:39.6,BUY,82619.67,0.00007
07:39.6,BUY,82619.67,0.00007
07:39.6,BUY,82619.67,0.0001
07:39.6,BUY,82619.67,0.0001
07:39.6,BUY,82619.67,0.00007
07:39.6,BUY,82619.67,0.00007
07:39.6,BUY,82619.67,0.00007
07:39.6,BUY,82619.68,0.00014
07:39.6,BUY,82619.68,0.00014
07:39.6,BUY,82619.68,0.00013
07:39.6,BUY,82619.68,0.00178
07:39.6,BUY,82619.68,0.00299
07:39.6,BUY,82619.68,0.00007
07:39.6,BUY,82619.68,0.00007
07:39.6,BUY,82619.69,0.00064
07:39.6,BUY,82619.69,0.00007
07:39.6,BUY,82619.69,0.00007
07:39.6,BUY,82619.7,0.00007
07:39.6,BUY,82619.7,0.00007
07:39.6,BUY,82619.81,0.00007
07:39.6,BUY,82619.81,0.00007
07:39.6,BUY,82619.91,0.00007
07:39.6,BUY,82620,0.00012
07:39.6,BUY,82620,0.00007
07:39.6,BUY,82620.12,0.00007
07:39.6,BUY,82623.45,0.00007
07:39.6,BUY,82623.46,0.00007
07:39.6,BUY,82623.46,0.00007
07:39.6,BUY,82623.46,0.00007
07:39.6,BUY,82623.46,0.00007
07:39.6,BUY,82623.47,0.00062
07:39.6,BUY,82623.61,0.00014
07:39.6,BUY,82623.61,0.00646
07:39.9,SELL,82623.6,0.00417
07:40.1,BUY,82623.61,0.001
07:40.1,BUY,82623.61,0.00007
07:40.1,BUY,82623.61,0.00007
07:40.1,BUY,82623.61,0.00007
07:40.1,BUY,82623.61,0.00007
07:40.1,BUY,82623.61,0.00047
07:41.9,BUY,82623.61,0.00003
07:41.9,BUY,82623.61,0.00007
07:41.9,BUY,82623.61,0.00007
07:41.9,BUY,82623.61,0.00007
07:41.9,BUY,82623.61,0.00014
07:41.9,BUY,82623.61,0.0001
07:41.9,BUY,82623.61,0.00176
07:41.9,BUY,82623.61,0.00007
07:41.9,BUY,82623.61,0.00007
07:41.9,BUY,82623.61,0.00007
07:41.9,BUY,82623.61,0.00007
07:41.9,BUY,82623.61,0.0001
07:41.9,BUY,82623.61,0.0001
07:41.9,BUY,82623.61,0.0001
07:41.9,BUY,82623.61,0.0001
07:41.9,BUY,82623.61,0.0001
07:41.9,BUY,82623.61,0.00007
07:41.9,BUY,82623.61,0.00007
07:41.9,BUY,82623.61,0.00007
07:41.9,BUY,82623.61,0.00007
07:41.9,BUY,82623.61,0.00007
07:41.9,BUY,82623.61,0.00007
07:41.9,BUY,82623.61,0.0001
07:41.9,BUY,82623.61,0.00007
07:41.9,BUY,82623.61,0.0001
07:41.9,BUY,82623.61,0.00007
07:41.9,BUY,82623.61,0.0001
07:41.9,BUY,82623.61,0.00007
07:41.9,BUY,82623.61,0.00007
07:41.9,BUY,82623.61,0.00007
07:41.9,BUY,82623.61,0.00007
07:41.9,BUY,82623.61,0.00007
07:41.9,BUY,82623.61,0.00007
07:41.9,BUY,82623.62,0.00014
07:41.9,BUY,82623.62,0.00007
07:41.9,BUY,82623.62,0.00007
07:41.9,BUY,82623.62,0.00013
07:41.9,BUY,82623.62,0.00014
07:41.9,BUY,82623.63,0.00007
07:41.9,BUY,82623.63,0.00007
07:41.9,BUY,82624.09,0.00007
07:41.9,BUY,82624.09,0.00007
07:41.9,BUY,82624.19,0.00007
07:41.9,BUY,82624.19,0.00007
07:41.9,BUY,82624.2,0.00007
07:41.9,BUY,82624.27,0.00007
07:41.9,BUY,82624.27,0.00007
07:41.9,BUY,82625.25,0.00007
07:41.9,BUY,82625.6,0.0001
07:41.9,BUY,82625.6,0.0001
07:41.9,BUY,82625.6,0.00003
07:41.9,BUY,82625.6,0.00007
07:41.9,BUY,82625.6,0.00027
07:41.9,BUY,82625.92,0.00007
07:42.0,BUY,82626.98,0.00503
07:42.0,BUY,82626.98,0.00007
07:42.0,BUY,82626.98,0.00007
07:42.0,BUY,82626.98,0.00007
07:42.0,BUY,82626.98,0.00054
07:42.0,BUY,82626.98,0.0001
07:42.0,BUY,82626.98,0.0001
07:42.0,BUY,82626.98,0.0001
07:42.0,BUY,82626.98,0.00007
07:42.0,BUY,82626.98,0.00007
07:42.0,BUY,82626.98,0.00007
07:42.0,BUY,82626.98,0.00007
07:42.0,BUY,82626.98,0.00007
07:42.0,BUY,82626.99,0.00013
07:42.0,BUY,82626.99,0.00007
07:42.0,BUY,82626.99,0.00007
07:42.0,BUY,82627.19,0.00008
07:42.0,BUY,82627.19,0.00008
07:42.0,BUY,82627.19,0.00008
07:42.0,BUY,82627.19,0.00007
07:42.0,BUY,82627.19,0.00007
07:42.0,BUY,82627.2,0.00007
07:42.0,BUY,82627.2,0.00007
07:42.0,BUY,82627.21,0.00007
07:42.0,BUY,82627.21,0.00007
07:42.0,BUY,82627.58,0.00007
07:42.0,BUY,82627.58,0.00007
07:42.0,BUY,82628.02,0.00013
07:42.0,BUY,82628.02,0.00007
07:42.0,BUY,82628.6,0.00232
07:42.0,BUY,82628.6,0.00007
07:42.0,BUY,82628.67,0.00007
07:42.0,BUY,82628.67,0.00007
07:42.0,BUY,82628.67,0.00009
07:42.0,BUY,82628.67,0.00007
07:42.0,BUY,82628.68,0.01166
07:42.0,BUY,82628.68,0.01108
07:42.0,BUY,82628.68,0.00007
07:42.0,BUY,82628.68,0.00007
07:42.0,BUY,82630,0.00012
07:42.0,BUY,82630.69,0.00007
07:42.0,BUY,82630.69,0.00007
07:42.0,BUY,82630.69,0.00007
07:42.0,BUY,82630.7,0.00636
07:42.4,BUY,82630.7,0.0002
07:42.7,BUY,82630.7,0.02791
07:43.6,BUY,82630.7,0.0002
07:43.7,SELL,82630.69,0.00591
07:43.8,BUY,82630.7,0.00278
07:43.8,BUY,82630.7,0.00025
07:43.8,BUY,82630.7,0.00264
07:43.8,BUY,82630.7,0.00025
07:43.8,BUY,82630.7,0.00007
07:43.8,BUY,82630.7,0.00007
07:43.8,BUY,82630.7,0.00007
07:43.8,BUY,82630.7,0.00004
07:43.8,BUY,82630.7,0.00003
07:43.8,BUY,82630.7,0.00007
07:43.8,BUY,82630.7,0.0001
07:43.8,BUY,82630.7,0.0001
07:43.8,BUY,82630.7,0.00007
07:43.8,BUY,82630.7,0.0001
07:43.8,BUY,82630.7,0.00101
07:43.8,BUY,82630.7,0.00007
07:43.8,BUY,82630.7,0.00014
07:43.8,BUY,82630.7,0.00191
07:43.9,BUY,82630.7,0.00109
07:43.9,BUY,82630.7,0.00007
07:43.9,BUY,82630.7,0.00007
07:43.9,BUY,82630.7,0.00007
07:43.9,BUY,82630.7,0.00007
07:43.9,BUY,82630.7,0.0001
07:43.9,BUY,82630.7,0.0001
07:43.9,BUY,82630.7,0.0001
07:43.9,BUY,82630.7,0.00007
07:43.9,BUY,82630.7,0.00007
07:43.9,BUY,82630.7,0.00007
07:43.9,BUY,82630.7,0.00013
07:43.9,BUY,82630.71,0.00019
07:43.9,BUY,82630.71,0.00007
07:43.9,BUY,82630.71,0.00007
07:43.9,BUY,82630.71,0.00014
07:43.9,BUY,82630.71,0.00013
07:43.9,BUY,82630.71,0.00013
07:43.9,BUY,82630.71,0.0001
07:43.9,BUY,82630.71,0.00007
07:43.9,BUY,82630.71,0.0001
07:43.9,BUY,82630.71,0.00007
07:43.9,BUY,82630.71,0.00007
07:43.9,BUY,82630.71,0.00007
07:43.9,BUY,82630.71,0.00007
07:43.9,BUY,82630.71,0.0001
07:43.9,BUY,82630.71,0.00007
07:43.9,BUY,82630.71,0.00007
07:43.9,BUY,82630.71,0.00007
07:43.9,BUY,82630.72,0.00018
07:43.9,BUY,82630.72,0.00018
07:43.9,BUY,82630.72,0.00018
07:43.9,BUY,82630.72,0.00007
07:43.9,BUY,82630.72,0.00007
07:43.9,BUY,82630.73,0.00006
07:43.9,BUY,82630.73,0.00001
07:43.9,BUY,82630.73,0.00007
07:43.9,BUY,82633.2,0.00007
07:43.9,BUY,82633.2,0.00007
07:43.9,BUY,82633.27,0.00007
07:43.9,BUY,82633.27,0.00007
07:43.9,BUY,82633.27,0.00007
07:43.9,BUY,82633.27,0.0001
07:43.9,BUY,82633.27,0.00007
07:43.9,BUY,82633.27,0.00007
07:43.9,BUY,82633.28,0.00006
07:43.9,SELL,82633.27,0.00006
07:44.1,BUY,82633.28,0.00007
07:44.1,BUY,82633.28,0.00007
07:44.1,BUY,82633.28,0.00006
07:44.2,BUY,82633.28,0.00001
07:44.2,BUY,82633.28,0.00007
07:44.2,BUY,82633.28,0.00007
07:44.2,BUY,82633.28,0.00007
07:44.2,BUY,82633.28,0.00007
07:44.2,BUY,82633.28,0.00351
07:44.2,BUY,82633.28,0.00097
07:44.2,BUY,82633.28,0.0715
07:44.2,BUY,82633.28,0.00576
07:44.2,BUY,82633.28,0.0083
07:44.2,BUY,82633.28,0.2147
07:44.2,BUY,82633.28,0.00014
07:44.2,BUY,82633.28,0.02394
07:44.2,BUY,82633.28,0.0446
07:44.2,BUY,82633.28,0.0001
07:44.2,BUY,82633.28,0.0001
07:44.2,BUY,82633.28,0.0001
07:44.2,BUY,82633.28,0.00007
07:44.2,BUY,82633.28,0.0005
07:44.2,BUY,82633.28,0.00007
07:44.2,BUY,82633.28,0.00007
07:44.2,BUY,82633.28,0.00007
07:44.2,BUY,82633.28,0.00007
07:44.2,BUY,82633.29,0.00013
07:44.2,BUY,82633.29,0.00014
07:44.2,BUY,82633.29,0.00007
07:44.2,BUY,82633.29,0.00007
07:44.2,BUY,82633.29,0.00013
07:44.2,BUY,82633.29,0.00013
07:44.2,BUY,82633.38,0.00007
07:44.2,BUY,82633.38,0.00007
07:44.2,BUY,82633.55,0.00007
07:44.2,BUY,82633.55,0.00007
07:44.2,BUY,82634.01,0.00016
07:44.2,BUY,82634.01,0.00016
07:44.2,BUY,82634.01,0.00016
07:44.2,BUY,82634.01,0.00007
07:44.2,BUY,82634.01,0.00007
07:44.2,BUY,82634.01,0.00007
07:44.2,BUY,82634.01,0.00007
07:44.2,BUY,82634.01,0.00007
07:44.2,BUY,82634.02,0.00232
07:44.2,BUY,82634.02,0.00007
07:44.2,BUY,82634.02,0.15753
07:44.2,BUY,82634.02,0.00007
07:44.2,BUY,82634.02,0.00007
07:44.2,BUY,82634.2,0.00007
07:44.2,BUY,82634.45,0.00007
07:44.2,BUY,82635.3,0.0002
07:44.2,BUY,82635.3,0.00366
07:44.2,BUY,82635.44,0.00009
07:44.2,BUY,82635.45,0.02014
07:44.7,BUY,82635.45,0.00007
07:44.7,BUY,82635.45,0.00007
07:44.7,BUY,82635.45,0.00007
07:44.7,BUY,82635.45,0.00007
07:44.7,BUY,82635.45,0.00007
07:45.1,BUY,82635.45,0.00007
07:45.1,BUY,82635.45,0.00007
07:45.1,BUY,82635.45,0.00006
07:45.2,SELL,82635.44,0.00012
07:45.3,BUY,82635.45,0.00007
07:45.3,BUY,82635.45,0.00007
07:45.3,BUY,82635.45,0.00007
07:45.3,BUY,82635.45,0.00007
07:45.3,BUY,82635.45,0.00013
07:45.3,BUY,82635.45,0.0001
07:45.3,BUY,82635.45,0.00007
07:45.3,BUY,82635.45,0.00007
07:45.3,BUY,82635.45,0.00007
07:45.3,BUY,82635.45,0.00007
07:45.3,BUY,82635.45,0.00007
07:45.3,BUY,82635.45,0.0133
07:45.3,BUY,82635.45,0.00225
07:45.3,BUY,82635.45,0.00265
07:45.3,BUY,82635.45,0.00007
07:45.3,BUY,82635.45,0.00007
07:45.3,BUY,82635.46,0.00011
07:45.3,BUY,82635.46,0.00007
07:45.3,BUY,82635.46,0.00007
07:45.3,BUY,82635.46,0.00014
07:45.3,BUY,82635.46,0.00013
07:45.3,BUY,82635.46,0.00014
07:45.3,BUY,82635.64,0.00009
07:45.3,BUY,82635.64,0.00009
07:45.3,BUY,82635.64,0.00009
07:45.3,BUY,82635.64,0.00007
07:45.3,BUY,82635.64,0.00007
07:45.3,BUY,82635.65,0.00056
07:45.3,BUY,82635.65,0.00007
07:45.3,BUY,82635.65,0.00007
07:45.3,BUY,82635.72,0.00007
07:45.3,BUY,82635.72,0.00007
07:45.3,BUY,82635.72,0.00007
07:45.3,BUY,82635.72,0.00007
07:45.3,BUY,82635.72,0.00007
07:45.3,BUY,82635.73,0.00688
07:45.3,BUY,82635.73,0.00007
07:45.3,BUY,82635.84,0.00189
07:45.3,BUY,82635.84,0.00007
07:45.3,BUY,82635.86,0.00007
07:45.3,BUY,82636,0.0001
07:45.3,BUY,82636.13,0.00007
07:45.3,BUY,82636.13,0.00007
07:45.3,BUY,82636.13,0.00007
07:45.3,BUY,82636.14,0.00505
07:45.3,BUY,82636.14,0.00007
07:45.3,BUY,82636.14,0.00007
07:45.3,BUY,82636.14,0.00007
07:45.3,BUY,82636.14,0.00007
07:45.4,BUY,82636.15,0.00007
07:45.4,BUY,82636.15,0.0001
07:45.4,BUY,82636.15,0.00007
07:45.4,BUY,82636.15,0.00007
07:45.4,BUY,82636.15,0.0001
07:45.4,BUY,82636.15,0.0001
07:45.4,BUY,82636.15,0.00007
07:45.4,BUY,82636.15,0.00007
07:45.4,BUY,82636.15,0.00007
07:45.4,BUY,82636.15,0.00007
07:45.4,BUY,82636.15,0.00007
07:45.4,BUY,82636.16,0.00014
07:45.4,BUY,82636.16,0.00007
07:45.4,BUY,82636.16,0.00007
07:45.4,BUY,82636.96,0.00022
07:45.4,BUY,82636.96,0.00007
07:45.4,BUY,82636.96,0.00007
07:45.4,BUY,82636.99,0.00007
07:45.4,BUY,82636.99,0.00007
07:45.6,BUY,82637,0.00007
07:45.6,BUY,82637,0.00007
07:45.6,BUY,82637,0.00007
07:45.6,BUY,82637,0.00007
07:45.6,BUY,82637,0.0001
07:45.6,BUY,82637,0.0001
07:45.6,BUY,82637,0.0001
07:45.6,BUY,82637,0.00007
07:45.6,BUY,82637,0.00007
07:45.6,BUY,82637,0.00007
07:45.6,BUY,82637,0.0005
07:45.6,BUY,82637,0.0001
07:45.6,BUY,82637,0.00007
07:45.6,BUY,82637,0.00007
07:45.6,BUY,82637,0.00007
07:45.6,BUY,82637,0.00007
07:45.6,BUY,82637,0.00007
07:45.6,BUY,82637,0.0001
07:45.6,BUY,82637,0.00007
07:45.6,BUY,82637,0.0001
07:45.6,BUY,82637,0.00007
07:45.6,BUY,82637,0.0001
07:45.6,BUY,82637,0.00007
07:45.6,BUY,82637,0.00007
07:45.6,BUY,82637,0.0001
07:45.6,BUY,82637,0.00007
07:45.6,BUY,82637,0.00007
07:45.6,BUY,82637,0.00007
07:45.6,BUY,82637,0.00007
07:45.6,BUY,82637,0.00013
07:45.6,BUY,82637,0.00007
07:45.6,BUY,82637,0.0001
07:45.6,BUY,82637,0.0001
07:45.6,BUY,82637,0.00007
07:45.6,BUY,82637,0.00007
07:45.6,BUY,82637,0.0001
07:45.6,BUY,82637,0.00007
07:45.6,BUY,82637,0.00007
07:45.6,BUY,82637,0.00007
07:45.6,BUY,82637,0.0001
07:45.6,BUY,82637,0.00007
07:45.6,BUY,82637,0.00007
07:45.6,BUY,82637,0.00007
07:45.6,BUY,82637,0.0001
07:45.6,BUY,82637,0.00007
07:45.6,BUY,82637,0.0001
07:45.6,BUY,82637,0.00007
07:45.6,BUY,82637,0.00007
07:45.6,BUY,82637,0.0001
07:45.6,BUY,82637,0.00007
07:45.6,BUY,82637,0.00007
07:45.6,BUY,82637,0.00007
07:45.6,BUY,82637,0.00007
07:45.6,BUY,82637,0.00007
07:45.6,BUY,82637,0.0001
07:45.6,BUY,82637,0.0001
07:45.6,BUY,82637,0.00007
07:45.6,BUY,82637,0.00007
07:45.6,BUY,82637,0.00007
07:45.6,BUY,82637,0.00007
07:45.6,BUY,82637,0.00007
07:45.6,BUY,82637,0.00007
07:45.6,BUY,82637,0.0001
07:45.6,BUY,82637,0.00007
07:45.6,BUY,82637,0.003
07:45.6,BUY,82637,0.00007
07:45.6,BUY,82637,0.00003
07:45.6,BUY,82637,0.0001
07:45.6,BUY,82637,0.00007
07:45.6,BUY,82637,0.00007
07:45.6,BUY,82637,0.00007
07:45.6,BUY,82637,0.00007
07:45.6,BUY,82637,0.0001
07:45.6,BUY,82637,0.00007
07:45.6,BUY,82637,0.00007
07:45.6,BUY,82637,0.00007
07:45.6,BUY,82637,0.00007
07:45.6,BUY,82637,0.0001
07:45.6,BUY,82637,0.0001
07:45.6,BUY,82637.01,0.00007
07:45.6,BUY,82637.01,0.00014
07:45.6,BUY,82637.01,0.00007
07:45.6,BUY,82637.01,0.00007
07:45.6,BUY,82637.01,0.00014
07:45.6,BUY,82637.01,0.00013
07:45.6,BUY,82637.01,0.00007
07:45.6,BUY,82637.01,0.00007
07:45.6,BUY,82637.17,0.00007
07:45.6,BUY,82637.17,0.00007
07:45.6,BUY,82637.17,0.00007
07:45.6,BUY,82637.17,0.00007
07:45.6,BUY,82637.17,0.00007
07:45.6,BUY,82637.18,0.00007
07:45.6,BUY,82637.18,0.00007
07:45.6,BUY,82637.52,0.00007
07:45.6,BUY,82637.52,0.00007
07:45.6,BUY,82637.7,0.00008
07:45.6,BUY,82637.7,0.00007
07:45.6,BUY,82639.08,0.00007
07:45.6,BUY,82639.09,0.00013
07:45.6,BUY,82639.09,0.00007
07:45.6,BUY,82639.44,0.00232
07:45.6,BUY,82639.99,0.00008
07:45.6,BUY,82640,0.00012
07:45.6,BUY,82640,0.00009
07:45.6,BUY,82640,0.00001
07:45.6,BUY,82640,0.00011
07:46.1,BUY,82640,0.0002
07:46.3,BUY,82640,0.01607
07:46.3,SELL,82639.99,0.00081
07:46.4,BUY,82640,0.00782
07:46.4,BUY,82640,0.00007
07:46.4,BUY,82640,0.0001
07:46.4,BUY,82640,0.0001
07:46.4,BUY,82640,0.0001
07:46.4,BUY,82640,0.00201
07:46.4,BUY,82640,0.00007
07:46.4,BUY,82640,0.00007
07:46.4,BUY,82640,0.00007
07:46.4,BUY,82640,0.00007
07:46.4,BUY,82640,0.00007
07:46.4,BUY,82640,0.00007
07:46.4,BUY,82640,0.00012
07:46.4,BUY,82640,0.00013
07:46.4,BUY,82640,0.00176
07:46.4,BUY,82640,0.00007
07:46.4,BUY,82640,0.00005
07:46.4,BUY,82640,0.00005
07:46.4,BUY,82640,0.0001
07:46.4,BUY,82640,0.00007
07:46.4,BUY,82640,0.00007
07:46.4,BUY,82640,0.00005
07:46.4,BUY,82640,0.00002
07:46.4,BUY,82640,0.00007
07:46.4,BUY,82640,0.00007
07:46.4,BUY,82640,0.00007
07:46.4,BUY,82640,0.0001
07:46.4,BUY,82640,0.0001
07:46.4,BUY,82640,0.00007
07:46.4,BUY,82640,0.00007
07:46.4,BUY,82640,0.00007
07:46.4,BUY,82640,0.0001
07:46.4,BUY,82640,0.00013
07:46.4,BUY,82640,0.00007
07:46.4,BUY,82640,0.00007
07:46.4,BUY,82640,0.00006
07:46.4,BUY,82640,0.00001
07:46.4,BUY,82640,0.0001
07:46.4,BUY,82640,0.0001
07:46.4,BUY,82640,0.00007
07:46.4,BUY,82640,0.00007
07:46.4,BUY,82640,0.00007
07:46.4,BUY,82640,0.00007
07:46.4,BUY,82640,0.00007
07:46.4,BUY,82640,0.0001
07:46.4,BUY,82640,0.00012
07:46.4,BUY,82640,0.00007
07:46.4,BUY,82640,0.0001
07:46.4,BUY,82640,0.0001
07:46.4,BUY,82640,0.00007
07:46.4,BUY,82640,0.00007
07:46.4,BUY,82640,0.00007
07:46.4,BUY,82640,0.00007
07:46.4,BUY,82640,0.00007
07:46.4,BUY,82640,0.0001
07:46.4,BUY,82640,0.0001
07:46.4,BUY,82640,0.00002
07:46.4,BUY,82640,0.00005
07:46.4,BUY,82640,0.0001
07:46.4,BUY,82640,0.00007
07:46.4,BUY,82640,0.00005
07:46.4,BUY,82640,0.00002
07:46.4,BUY,82640,0.00007
07:46.4,BUY,82640,0.00007
07:46.4,BUY,82640,0.00007
07:46.4,BUY,82640,0.0001
07:46.4,BUY,82640,0.0001
07:46.4,BUY,82640,0.00007
07:46.4,BUY,82640,0.00007
07:46.4,BUY,82640,0.0001
07:46.4,BUY,82640,0.0001
07:46.4,BUY,82640,0.00007
07:46.4,BUY,82640,0.00007
07:46.4,BUY,82640,0.00007
07:46.4,BUY,82640,0.00007
07:46.4,BUY,82640,0.0001
07:47.0,SELL,82639.99,0.00605
07:47.1,BUY,82640,0.00007
07:47.1,BUY,82640,0.00007
07:47.1,BUY,82640,0.00006
07:47.4,SELL,82639.99,0.00008
07:47.4,SELL,82639.99,0.00007
07:47.4,SELL,82639.99,0.00007
07:47.4,SELL,82639.99,0.00007
07:47.4,SELL,82639.99,0.00505
07:47.4,SELL,82639.99,0.00013
07:47.4,SELL,82639.99,0.00007
07:47.4,SELL,82639.99,0.00079
07:47.4,SELL,82639.99,0.00007
07:47.4,SELL,82639.99,0.00007
07:47.4,SELL,82639.99,0.0005
07:47.4,SELL,82639.99,0.00937
07:47.4,SELL,82639.99,0.0001
07:47.4,SELL,82639.99,0.00007
07:47.4,SELL,82639.99,0.00007
07:47.4,SELL,82639.98,0.00014
07:47.4,SELL,82639.98,0.00014
07:47.4,SELL,82639.98,0.00014
07:47.4,SELL,82639.98,0.00007
07:47.4,SELL,82639.98,0.00007
07:47.4,SELL,82639.94,0.00024
07:47.4,SELL,82639.94,0.00007
07:47.4,SELL,82639.94,0.00007
07:47.4,SELL,82639.61,0.00007
07:47.4,SELL,82639.61,0.00007
07:47.4,SELL,82639.6,0.00007
07:47.4,SELL,82639.6,0.00007
07:47.4,SELL,82639.18,0.00007
07:47.4,SELL,82639.09,0.00007
07:47.4,SELL,82638.5,0.00007
07:47.4,SELL,82637.61,0.00008
07:47.5,SELL,82637.53,0.00008
07:47.5,SELL,82637.53,0.0001
07:47.5,SELL,82637.53,0.00007
07:47.5,SELL,82637.53,0.00007
07:47.5,SELL,82637.53,0.00007
07:47.5,SELL,82637.53,0.00007
07:47.5,SELL,82637.53,0.00007
07:47.5,SELL,82637.53,0.00007
07:47.5,SELL,82637.53,0.00007
07:47.5,SELL,82637.53,0.00101
07:47.5,SELL,82637.53,0.00091
07:47.5,SELL,82637.53,0.00007
07:47.5,SELL,82637.28,0.00007
07:47.5,SELL,82637.28,0.00007
07:47.5,SELL,82637.28,0.00007
07:47.5,SELL,82637.28,0.00007
07:47.5,SELL,82637.28,0.00007
07:47.5,SELL,82637.27,0.00155
07:47.5,SELL,82637.27,0.00603
07:47.5,SELL,82637.27,0.00007
07:47.5,SELL,82637.27,0.00007
07:47.5,SELL,82637.27,0.00007
07:47.5,SELL,82637.27,0.00007
07:47.5,SELL,82637.27,0.00007
07:47.5,SELL,82637.27,0.00007
07:47.5,SELL,82637.27,0.00007
07:47.5,SELL,82637.27,0.0001
07:47.5,SELL,82637.27,0.0001
07:47.5,SELL,82637.27,0.0001
07:47.5,SELL,82637.27,0.00013
07:47.5,SELL,82637.27,0.00007
07:47.5,SELL,82637.27,0.00007
07:47.5,SELL,82637.27,0.00007
07:47.5,SELL,82637.26,0.00013
07:47.5,SELL,82637.21,0.00007
07:47.5,SELL,82637.21,0.00007
07:47.5,SELL,82637.21,0.00007
07:47.5,SELL,82637.21,0.00007
07:47.5,SELL,82637.21,0.00007
07:47.5,SELL,82637.2,0.003
07:47.5,SELL,82637.2,0.00007
07:47.5,SELL,82637.2,0.00007
07:47.5,SELL,82637.17,0.00007
07:47.5,SELL,82637.17,0.00007
07:47.5,SELL,82636.86,0.00007
07:47.5,SELL,82636.86,0.00007
07:47.5,SELL,82636.86,0.0001
07:47.5,SELL,82636.86,0.0001
07:47.5,SELL,82636.86,0.00007
07:47.5,SELL,82636.86,0.00007
07:47.5,SELL,82636.86,0.00007
07:47.5,SELL,82636.86,0.00007
07:47.5,SELL,82636.86,0.00007
07:47.5,SELL,82636.86,0.00007
07:47.5,SELL,82636.85,0.00007
07:47.5,SELL,82636.85,0.00007
07:47.5,SELL,82636.7,0.00007
07:47.5,SELL,82636.7,0.00007
07:47.5,SELL,82636.4,0.00007
07:47.5,SELL,82636.4,0.00007
07:47.5,SELL,82636.4,0.00007
07:47.5,SELL,82636.4,0.00007
07:47.5,SELL,82636.4,0.00007
07:47.5,SELL,82636.4,0.00007
07:47.5,SELL,82636.4,0.0001
07:47.5,SELL,82636.4,0.0001
07:47.5,SELL,82636.4,0.00007
07:47.5,SELL,82636.4,0.00007
07:47.9,SELL,82635.87,0.00007
07:47.9,SELL,82635.87,0.00007
07:47.9,SELL,82635.87,0.00007
07:47.9,SELL,82635.87,0.00007
07:47.9,SELL,82635.87,0.00007
07:47.9,SELL,82635.87,0.00007
07:47.9,SELL,82635.87,0.0001
07:47.9,SELL,82635.87,0.00007
07:47.9,SELL,82635.87,0.00014
07:47.9,SELL,82635.87,0.00007
07:47.9,SELL,82635.87,0.00007
07:47.9,SELL,82635.87,0.00007
07:47.9,SELL,82635.86,0.00014
07:47.9,SELL,82635.86,0.00007
07:47.9,SELL,82635.86,0.00007
07:47.9,SELL,82635.86,0.00013
07:47.9,SELL,82635.86,0.00014
07:47.9,SELL,82635.38,0.00008
07:47.9,SELL,82635.38,0.00008
07:47.9,SELL,82635.38,0.00008
07:47.9,SELL,82635.38,0.00007
07:47.9,SELL,82635.38,0.00007
07:47.9,SELL,82635.37,0.00007
07:47.9,SELL,82635.37,0.00007
07:47.9,SELL,82635.36,0.00007
07:47.9,SELL,82635.36,0.00007
07:47.9,SELL,82635.05,0.00007
07:47.9,SELL,82635.04,0.00007
07:47.9,SELL,82635.04,0.00007
07:47.9,SELL,82634.54,0.00007
07:47.9,SELL,82634.17,0.00238
07:47.9,SELL,82632.56,0.00007
07:47.9,SELL,82632.51,0.00007
07:47.9,SELL,82632.51,0.00007
07:47.9,SELL,82632.51,0.00007
07:47.9,SELL,82632.5,0.0076
07:47.9,SELL,82632.14,0.00007
07:47.9,SELL,82632.14,0.00007
07:47.9,SELL,82632.14,0.00007
07:47.9,SELL,82632.14,0.00007
07:47.9,SELL,82632.13,0.02145
07:47.9,SELL,82632.13,0.00007
07:47.9,SELL,82632.13,0.00007
07:47.9,SELL,82630.89,0.00007
07:47.9,SELL,82630.89,0.00007
07:47.9,SELL,82630.89,0.00007
07:47.9,SELL,82630.88,0.01446
07:47.9,SELL,82630.88,0.00007
07:47.9,SELL,82630.88,0.00007
07:47.9,SELL,82630.7,0.00602
07:47.9,SELL,82630.7,0.00602
07:47.9,SELL,82630.7,0.00602
07:47.9,SELL,82630.7,0.00602
07:47.9,SELL,82630.7,0.00602
07:47.9,SELL,82630.7,0.00602
07:47.9,SELL,82630.7,0.00602
07:47.9,SELL,82630.7,0.00602
07:47.9,SELL,82630.7,0.00332
07:47.9,SELL,82630.54,0.00007
07:47.9,SELL,82630.54,0.00007
07:47.9,SELL,82630.54,0.00009
07:47.9,SELL,82630.54,0.00007
07:48.0,SELL,82630,0.00012
07:48.0,SELL,82630,0.00007
07:48.0,SELL,82630,0.00007
07:48.0,SELL,82630,0.00008
07:48.0,SELL,82630,0.00007
07:48.0,SELL,82630,0.0001
07:48.0,SELL,82630,0.0001
07:48.0,SELL,82630,0.0001
07:48.0,SELL,82630,0.00007
07:48.0,SELL,82630,0.00007
07:48.0,SELL,82630,0.00007
07:48.0,SELL,82630,0.00504
07:48.0,SELL,82630,0.00007
07:48.0,SELL,82630,0.00007
07:48.0,SELL,82629.99,0.00034
07:48.0,SELL,82629.99,0.00007
07:48.0,SELL,82629.99,0.00007
07:48.0,SELL,82629.99,0.00014
07:48.0,SELL,82629.67,0.00028
07:48.0,SELL,82629.67,0.00028
07:48.0,SELL,82629.67,0.00028
07:48.0,SELL,82629.67,0.00007
07:48.0,SELL,82629.67,0.00007
07:48.0,SELL,82629.66,0.00013
07:48.0,SELL,82629.66,0.00007
07:48.0,SELL,82629.66,0.00007
07:48.0,SELL,82629.24,0.00007
07:48.0,SELL,82629.24,0.00007
07:48.0,SELL,82629.24,0.00007
07:48.0,SELL,82628.76,0.00232
07:48.0,SELL,82628.76,0.00007
07:48.0,SELL,82628.44,0.00009
07:48.0,SELL,82628.44,0.00007
07:48.0,SELL,82628.44,0.00007
07:48.0,SELL,82628.44,0.00007
07:48.0,SELL,82628.44,0.00007
07:48.1,BUY,82628.44,0.0002
07:48.3,BUY,82628.44,0.00008
